OrderID,OrderDate,Region,Category,Channel,UnitsSold,UnitPrice,CustomerAge,Revenue
ORD1016,2024-01-12 16:52:54.348697,West,Clothing,In-Store,44,168.79,33.0,7426.76
ORD1080,2024-02-28 12:24:31.743486,Central,Groceries,In-Store,20,459.75,56.0,9195.0
ORD1185,2024-05-15 07:41:43.406813,West,Electronics,Online,13,131.54,38.0,1710.02
ORD1327,2024-08-27 04:31:15.751503,Central,Groceries,Online,8,438.67,41.0,3509.36
ORD1419,2024-11-02 11:35:28.256513,West,GROCERIES,Online,23,374.37,54.0,8610.51
ORD1304,2024-08-10 08:45:12.625250,East,Clothing,In-Store,7,478.87,34.0,3352.09
ORD1126,2024-04-02 03:56:37.995991,Central,Groceries,In-Store,37,407.81,47.0,15088.97
ORD1164,2024-04-29 23:02:17.074148,East,Home & Garden,Online,43,151.16,,6499.88
ORD1333,2024-08-31 13:51:06.132264,,Electronics,Online,18,185.58,68.0,3340.44
ORD1130,2024-04-05 02:09:51.583166,East,Sports,Online,5,126.8,50.0,634.0
ORD1127,2024-04-02 21:29:56.392785,West,Clothing,Online,48,58.91,72.0,2827.68
ORD1161,2024-04-27 18:22:21.883767,North,Clothing,Online,38,430.41,67.0,16355.58
ORD1073,2024-02-23 09:31:22.965931,South,Home & Garden,In-Store,5,13.67,52.0,68.35
ORD1384,2024-10-07 21:09:44.368737,Central,Electronics,Online,42,252.17,41.0,10591.14
ORD1227,2024-06-15 01:00:36.072144,South,Clothing,Online,14,310.49,33.0,4346.86
ORD1273,2024-07-18 16:32:42.324649,West,Clothing,In-Store,47,36.24,40.0,1703.28
ORD1155,2024-04-23 09:02:31.503006,North,Electronics,Online,43,360.23,43.0,15489.89
ORD1443,2024-11-20 00:54:49.779559,East,Home & Garden,In-Store,35,335.34,30.0,11736.9
ORD1189,2024-05-18 05:54:56.993987,East,Home & Garden,In-Store,41,337.36,23.0,13831.76
ORD1211,2024-06-03 08:07:41.723446,West,Sports,In-Store,22,224.14,38.0,4931.08
ORD1170,2024-05-04 08:22:07.454909,North,Home & Garden,Online,32,408.8,34.0,13081.6
ORD1014,2024-01-11 05:46:17.555110,West,Groceries,In-Store,49,442.44,25.0,21679.56
ORD1406,2024-10-23 23:22:29.098196,North,Sports,Online,20,413.44,20.0,8268.8
ORD1437,2024-11-15 15:34:59.398797,East,Electronics,In-Store,37,45.9,18.0,1698.3
ORD1087,2024-03-04 15:17:40.521042,North,Electronics,In-Store,3,83.85,62.0,251.55
ORD1280,2024-07-23 19:25:51.102204,South,Clothing,Online,3,257.31,42.0,771.93
ORD1027,2024-01-20 17:59:16.713426,South,Electronics,Online,30,181.58,59.0,5447.4
ORD1124,2024-03-31 16:50:01.202404,North,Clothing,In-Store,18,424.35,62.0,7638.3
ORD1209,2024-06-01 21:01:04.929859,West,Electronics,Online,37,300.54,42.0,11119.98
ORD1279,2024-07-23 01:52:32.705410,East,Electronics,Online,5,123.33,,616.65
ORD1201,2024-05-27 00:34:37.755511,East,Home & Garden,Online,7,118.97,58.0,832.79
ORD1319,2024-08-21 08:04:48.577154,East,Groceries,In-Store,20,241.73,27.0,4834.6
ORD1239,2024-06-23 19:40:16.833667,Central,Sports,Online,47,30.91,60.0,1452.77
ORD1111,2024-03-22 04:37:02.044088,East,Electronics,Online,15,193.31,63.0,2899.65
ORD1153,2024-04-21 21:55:54.709418,North,Sports,In-Store,41,292.56,56.0,11994.96
ORD1037,2024-01-28 01:32:20.681362,Central,Home & Garden,In-Store,48,65.87,19.0,3161.76
ORD1103,2024-03-16 08:10:34.869739,South,Groceries,In-Store,29,435.11,41.0,12618.19
ORD1230,2024-06-17 05:40:31.262525,South,Sports,In-Store,12,336.45,59.0,4037.4
ORD1460,2024-12-02 11:21:02.525050,North,Groceries,In-Store,24,26.65,,639.6
ORD1469,2024-12-09 01:20:48.096192,West,Sports,In-Store,34,464.52,36.0,15793.68
ORD1288,2024-07-29 15:52:18.276553,East,Electronics,In-Store,24,285.45,21.0,6850.8
ORD1214,2024-06-05 12:47:36.913827,East,Home & Garden,In-Store,32,12.83,61.0,410.56
ORD1359,2024-09-19 14:17:04.448897,Central,Home & Garden,Online,28,205.38,19.0,5750.64
ORD1451,2024-11-25 21:21:16.953907,West,Home & Garden,Online,21,164.5,22.0,3454.5
ORD1385,2024-10-08 14:43:02.765531,North,Clothing,Online,44,136.68,45.0,6013.92
ORD1302,2024-08-08 21:38:35.831663,North,Groceries,Online,27,81.13,39.0,2190.51
ORD1340,2024-09-05 16:44:14.909819,North,Sports,Online,32,311.65,21.0,9972.8
ORD1057,2024-02-11 16:38:28.617234,South,Sports,In-Store,25,268.46,,6711.5
ORD1356,2024-09-17 09:37:09.258517,West,Home & Garden,In-Store,15,424.77,45.0,6371.55
ORD1388,2024-10-10 19:22:57.955911,North,Clothing,Online,11,433.01,54.0,4763.11
ORD1305,2024-08-11 02:18:31.022044,West,Clothing,Online,3,288.66,51.0,865.98
ORD1107,2024-03-19 06:23:48.456913,West,Electronics,In-Store,34,167.55,36.0,5696.7
ORD1271,2024-07-17 05:26:05.531062,North,Electronics,In-Store,29,255.89,22.0,7420.81
ORD1334,2024-09-01 07:24:24.529058,West,Sports,Online,30,196.3,66.0,5889.0
ORD1412,2024-10-28 08:42:19.478957,Central,Home & Garden,In-Store,3,228.06,,684.18
ORD1424,2024-11-06 03:22:00.240480,East,HOME & GARDEN,Online,19,256.75,21.0,4878.25
ORD1411,2024-10-27 15:09:01.082164,South,Home & Garden,In-Store,26,445.25,60.0,11576.5
ORD1203,2024-05-28 11:41:14.549098,North,Groceries,In-Store,41,320.79,63.0,13152.39
ORD1139,2024-04-11 16:09:37.154308,Central,Sports,Online,34,448.87,,15261.58
ORD1136,2024-04-09 11:29:41.963927,West,Electronics,In-Store,29,263.01,28.0,7627.29
ORD1364,2024-09-23 06:03:36.432865,West,Home & Garden,In-Store,32,92.56,61.0,2961.92
ORD1462,2024-12-03 22:27:39.318637,Central,Clothing,Online,32,301.27,45.0,9640.64
ORD1196,2024-05-23 08:48:05.771543,East,Groceries,Online,35,435.28,18.0,15234.8
ORD1251,2024-07-02 14:19:57.595190,West,Groceries,Online,35,207.69,32.0,7269.15
ORD1210,2024-06-02 14:34:23.326653,East,Sports,Online,29,339.54,53.0,9846.66
ORD1237,2024-06-22 08:33:40.040080,West,Groceries,Online,33,231.15,53.0,7627.95
ORD1175,2024-05-08 00:08:39.438877,South,Sports,Online,18,320.8,59.0,5774.4
ORD1040,2024-01-30 06:12:15.871743,West,Electronics,In-Store,15,321.8,30.0,4827.0
ORD1051,2024-02-07 07:18:38.236472,West,Clothing,In-Store,39,164.95,,6433.05
ORD1081,2024-02-29 05:57:50.140280,North,Sports,Online,49,302.3,38.0,14812.7
ORD1369,2024-09-26 21:50:08.416833,Central,Groceries,Online,41,212.2,23.0,8700.2
ORD1043,2024-02-01 10:52:11.062124,South,Groceries,Online,49,48.84,53.0,2393.16
ORD1378,2024-10-03 11:49:53.987975,South,Sports,Online,38,103.43,68.0,3930.34
ORD1420,2024-11-03 05:08:46.653306,South,Home & Garden,In-Store,12,331.22,49.0,3974.64
ORD1102,2024-03-15 14:37:16.472945,,Sports,Online,28,162.01,73.0,4536.28
ORD1374,2024-09-30 13:36:40.400801,North,Electronics,Online,26,311.38,67.0,8095.88
ORD1351,2024-09-13 17:50:37.274549,South,Sports,In-Store,41,118.3,45.0,4850.3
ORD1066,2024-02-18 06:38:14.188376,South,Home & Garden,Online,43,82.3,21.0,3538.9
ORD1224,2024-06-12 20:20:40.881763,North,Electronics,In-Store,22,203.59,73.0,4478.98
ORD1344,2024-09-08 14:57:28.496993,South,Sports,Online,33,41.94,32.0,1384.02
ORD1225,2024-06-13 13:53:59.278557,North,Electronics,Online,26,186.64,27.0,4852.64
ORD1442,2024-11-19 07:21:31.382765,,Home & Garden,Online,10,488.12,47.0,4881.2
ORD1455,2024-11-28 19:34:30.541082,South,Electronics,Online,37,245.58,21.0,9086.46
ORD1317,2024-08-19 20:58:11.783567,South,Electronics,Online,17,334.82,74.0,5691.94
ORD1015,2024-01-11 23:19:35.951903,South,Home & Garden,Online,29,223.8,59.0,6490.2
ORD1112,2024-03-22 22:10:20.440881,Central,Sports,Online,40,276.51,36.0,11060.4
ORD1248,2024-06-30 09:40:02.404809,West,Electronics,In-Store,29,319.31,44.0,9259.99
ORD1144,2024-04-15 07:56:09.138276,West,Sports,Online,33,102.59,37.0,3385.47
ORD1370,2024-09-27 15:23:26.813627,South,Home & Garden,In-Store,13,396.22,56.0,5150.86
ORD1067,2024-02-19 00:11:32.585170,South,SPORTS,In-Store,34,121.11,64.0,4117.74
ORD1101,2024-03-14 21:03:58.076152,North,Groceries,Online,3,439.56,21.0,1318.68
ORD1186,2024-05-16 01:15:01.803607,Central,Sports,In-Store,46,154.52,27.0,7107.92
ORD1134,2024-04-08 00:23:05.170340,East,Electronics,In-Store,45,374.7,45.0,16861.5
ORD1330,2024-08-29 09:11:10.941883,East,Groceries,In-Store,17,5.16,,87.72
ORD1296,2024-08-04 12:18:45.450901,,Sports,Online,46,362.1,41.0,16656.6
ORD1488,2024-12-22 22:53:37.635270,West,Home & Garden,Online,23,138.32,38.0,3181.36
ORD1479,2024-12-16 08:53:52.064128,Central,Home & Garden,Online,21,319.86,41.0,6717.06
ORD1266,2024-07-13 13:39:33.547094,West,Clothing,Online,27,51.0,31.0,1377.0
ORD1118,2024-03-27 07:30:10.821643,North,Groceries,Online,15,88.38,55.0,1325.7
ORD1489,2024-12-23 16:26:56.032064,South,Clothing,In-Store,42,272.08,45.0,11427.36
ORD1417,2024-11-01 00:28:51.462925,South,Electronics,Online,18,28.68,72.0,516.24
ORD1137,2024-04-10 05:03:00.360721,South,Sports,In-Store,3,412.08,,1236.24
ORD1313,2024-08-16 22:44:58.196392,North,Electronics,In-Store,25,415.52,22.0,10388.0
ORD1394,2024-10-15 04:42:48.336673,Central,Electronics,In-Store,39,199.23,32.0,7769.97
ORD1090,2024-03-06 19:57:35.711422,East,Electronics,Online,38,433.89,72.0,16487.82
ORD1031,2024-01-23 16:12:30.300601,West,Clothing,In-Store,14,225.95,27.0,3163.3
ORD1342,2024-09-07 03:50:51.703406,East,Electronics,Online,45,218.02,69.0,9810.9
ORD1116,2024-03-25 20:23:34.028056,South,Groceries,In-Store,34,12.26,29.0,416.84
ORD1390,2024-10-12 06:29:34.749498,North,Clothing,In-Store,6,327.6,25.0,1965.6
ORD1321,2024-08-22 19:11:25.370741,South,GROCERIES,In-Store,9,120.11,,1080.99
ORD1159,2024-04-26 07:15:45.090180,East,Home & Garden,In-Store,36,263.63,69.0,9490.68
ORD1403,2024-10-21 18:42:33.907815,Central,Groceries,Online,47,465.51,,21878.97
ORD1396,2024-10-16 15:49:25.130260,Central,Electronics,Online,32,70.91,63.0,2269.12
ORD1218,2024-06-08 11:00:50.501002,North,Clothing,In-Store,17,171.93,45.0,2922.81
ORD1426,2024-11-07 14:28:37.034068,North,Clothing,Online,36,233.66,23.0,8411.76
ORD1083,2024-03-01 17:04:26.933867,Central,Electronics,Online,35,414.29,55.0,14500.15
ORD1244,2024-06-27 11:26:48.817635,East,Home & Garden,In-Store,26,170.12,38.0,4423.12
ORD1241,2024-06-25 06:46:53.627254,North,Sports,Online,32,184.66,35.0,5909.12
ORD1408,2024-10-25 10:29:05.891783,Central,Electronics,Online,4,196.24,20.0,784.96
ORD1061,2024-02-14 14:51:42.204408,West,Electronics,Online,20,470.21,72.0,9404.2
ORD1482,2024-12-18 13:33:47.254509,South,Groceries,Online,35,375.35,20.0,13137.25
ORD1348,2024-09-11 13:10:42.084168,South,Electronics,Online,11,347.35,32.0,3820.85
ORD1132,2024-04-06 13:16:28.376753,West,Groceries,In-Store,17,200.21,69.0,3403.57
ORD1177,2024-05-09 11:15:16.232464,North,Home & Garden,Online,2,298.8,63.0,597.6
ORD1059,2024-02-13 03:45:05.410821,South,Groceries,In-Store,4,70.69,68.0,282.76
ORD1204,2024-05-29 05:14:32.945891,West,Electronics,Online,32,132.16,61.0,4229.12
ORD1105,2024-03-17 19:17:11.663326,Central,Home & Garden,Online,3,151.95,47.0,455.85
ORD1010,2024-01-08 07:33:03.967935,West,Home & Garden,In-Store,35,301.36,64.0,10547.6
ORD1055,2024-02-10 05:31:51.823647,North,Sports,In-Store,13,263.26,74.0,3422.38
ORD1461,2024-12-03 04:54:20.921843,,Clothing,In-Store,49,59.85,52.0,2932.65
ORD1444,2024-11-20 18:28:08.176352,Central,Home & Garden,In-Store,29,10.16,51.0,294.64
ORD1056,2024-02-10 23:05:10.220440,West,Home & Garden,Online,34,174.61,37.0,5936.74
ORD1366,2024-09-24 17:10:13.226452,West,Groceries,Online,2,482.09,,964.18
ORD1166,2024-05-01 10:08:53.867735,West,Sports,Online,31,96.69,47.0,2997.39
ORD1088,2024-03-05 08:50:58.917835,West,Groceries,In-Store,32,304.45,37.0,9742.4
ORD1272,2024-07-17 22:59:23.927855,North,Groceries,In-Store,21,83.86,20.0,1761.06
ORD1024,2024-01-18 13:19:21.523046,North,Sports,Online,20,182.83,57.0,3656.6
ORD1114,2024-03-24 09:16:57.234468,North,Electronics,Online,5,275.12,41.0,1375.6
ORD1402,2024-10-21 01:09:15.511022,North,Sports,Online,20,143.29,29.0,2865.8
ORD1031,2024-01-23 16:12:30.300601,West,Clothing,In-Store,14,225.95,27.0,3163.3
ORD1345,2024-09-09 08:30:46.893787,South,Sports,In-Store,38,392.43,73.0,14912.34
ORD1430,2024-11-10 12:41:50.621242,South,Clothing,In-Store,32,393.0,49.0,12576.0
ORD1354,2024-09-15 22:30:32.464929,South,GROCERIES,Online,46,91.01,58.0,4186.46
ORD1254,2024-07-04 18:59:52.785571,North,Home & Garden,In-Store,39,5.61,73.0,218.79
ORD1190,2024-05-18 23:28:15.390781,South,Sports,In-Store,17,405.72,43.0,6897.24
ORD1157,2024-04-24 20:09:08.296593,Central,Clothing,Online,25,488.48,22.0,12212.0
ORD1475,2024-12-13 10:40:38.476953,Central,Groceries,Online,3,161.88,61.0,485.64
ORD1453,2024-11-27 08:27:53.747494,Central,Sports,In-Store,24,239.8,20.0,5755.2
ORD1197,2024-05-24 02:21:24.168336,North,Clothing,In-Store,48,239.08,41.0,11475.84
ORD1128,2024-04-03 15:03:14.789579,Central,Groceries,In-Store,13,78.75,66.0,1023.75
ORD1473,2024-12-11 23:34:01.683366,Central,Sports,In-Store,42,496.25,19.0,20842.5
ORD1123,2024-03-30 23:16:42.805611,East,Groceries,In-Store,26,475.98,65.0,12375.48
ORD1339,2024-09-04 23:10:56.513026,West,Home & Garden,In-Store,38,378.36,43.0,14377.68
ORD1278,2024-07-22 08:19:14.308617,East,Home & Garden,Online,19,176.43,36.0,3352.17
ORD1262,2024-07-10 15:26:19.959919,Central,Sports,In-Store,14,369.9,59.0,5178.6
ORD1098,2024-03-12 16:24:02.885771,South,Sports,In-Store,34,463.21,33.0,15749.14
ORD1268,2024-07-15 00:46:10.340681,Central,Sports,In-Store,17,395.01,54.0,6715.17
ORD1299,2024-08-06 16:58:40.641282,North,Home & Garden,In-Store,29,410.27,60.0,11897.83
ORD1467,2024-12-07 14:14:11.302605,East,Sports,Online,2,86.02,67.0,172.04
ORD1376,2024-10-02 00:43:17.194388,West,Electronics,Online,39,417.98,36.0,16301.22
ORD1401,2024-10-20 07:35:57.114228,Central,Electronics,Online,28,42.83,23.0,1199.24
ORD1146,2024-04-16 19:02:45.931863,West,Home & Garden,Online,24,101.31,64.0,2431.44
ORD1180,2024-05-11 15:55:11.422845,North,Sports,Online,29,91.51,22.0,2653.79
ORD1357,2024-09-18 03:10:27.655310,Central,Groceries,Online,16,363.54,,5816.64
ORD1303,2024-08-09 15:11:54.228456,Central,Sports,Online,46,115.69,66.0,5321.74
ORD1240,2024-06-24 13:13:35.230460,East,Clothing,In-Store,15,192.35,37.0,2885.25
ORD1247,2024-06-29 16:06:44.008016,North,Home & Garden,Online,34,481.02,50.0,16354.68
ORD1325,2024-08-25 17:24:38.957915,North,Sports,In-Store,2,299.17,39.0,598.34
ORD1459,2024-12-01 17:47:44.128256,East,Electronics,Online,20,82.54,43.0,1650.8
ORD1108,2024-03-19 23:57:06.853707,East,Clothing,Online,12,316.95,48.0,3803.4
ORD1436,2024-11-14 22:01:41.002004,South,Electronics,In-Store,22,215.03,33.0,4730.66
ORD1003,2024-01-03 04:39:55.190380,Central,Home & Garden,In-Store,34,52.15,71.0,1773.1
ORD1407,2024-10-24 16:55:47.494989,West,Home & Garden,Online,16,250.25,62.0,4004.0
ORD1194,2024-05-21 21:41:28.977955,,Electronics,In-Store,24,80.73,67.0,1937.52
ORD1082,2024-02-29 23:31:08.537074,Central,Electronics,Online,42,470.73,27.0,19770.66
ORD1260,2024-07-09 04:19:43.166332,South,Home & Garden,In-Store,2,487.21,24.0,974.42
ORD1053,2024-02-08 18:25:15.030060,Central,Sports,Online,24,292.16,51.0,7011.84
ORD1261,2024-07-09 21:53:01.563126,East,Home & Garden,Online,47,14.91,38.0,700.77
ORD1084,2024-03-02 10:37:45.330661,North,Home & Garden,Online,18,335.15,63.0,6032.7
ORD1439,2024-11-17 02:41:36.192384,North,Electronics,Online,41,449.96,72.0,18448.36
ORD1179,2024-05-10 22:21:53.026052,North,Sports,Online,13,325.07,68.0,4225.91
ORD1497,2024-12-29 12:53:23.206412,North,Electronics,Online,45,174.48,58.0,7851.6
ORD1229,2024-06-16 12:07:12.865731,West,Electronics,Online,29,416.77,48.0,12086.33
ORD1433,2024-11-12 17:21:45.811623,East,Home & Garden,In-Store,-1,277.06,28.0,1662.36
ORD1233,2024-06-19 10:20:26.452905,West,Clothing,Online,12,139.22,23.0,1670.64
ORD1074,2024-02-24 03:04:41.362725,Central,Sports,In-Store,5,125.85,43.0,629.25
ORD1468,2024-12-08 07:47:29.699398,North,Groceries,Online,-1,140.53,23.0,2107.95
ORD1472,2024-12-11 06:00:43.286573,South,Sports,Online,39,11.29,28.0,440.31
ORD1284,2024-07-26 17:39:04.689378,North,Sports,Online,34,437.3,58.0,14868.2
ORD1323,2024-08-24 06:18:02.164328,North,Home & Garden,In-Store,48,389.48,68.0,18695.04
ORD1023,2024-01-17 19:46:03.126252,North,Home & Garden,Online,39,130.0,21.0,5070.0
ORD1418,2024-11-01 18:02:09.859719,Central,Sports,Online,12,23.82,25.0,285.84
ORD1154,2024-04-22 15:29:13.106212,East,Sports,In-Store,13,49.37,26.0,641.81
ORD1478,2024-12-15 15:20:33.667334,Central,Home & Garden,Online,40,274.29,38.0,10971.6
ORD1191,2024-05-19 17:01:33.787575,Central,Sports,In-Store,40,384.49,21.0,15379.6
ORD1287,2024-07-28 22:18:59.879759,Central,Groceries,Online,25,289.42,70.0,7235.5
ORD1018,2024-01-14 03:59:31.142284,North,Sports,Online,44,336.35,18.0,14799.4
ORD1298,2024-08-05 23:25:22.244488,,Home & Garden,In-Store,17,109.93,45.0,1868.81
ORD1050,2024-02-06 13:45:19.839679,West,Home & Garden,Online,6,13.6,31.0,81.6
ORD1038,2024-01-28 19:05:39.078156,North,Clothing,Online,1,119.41,58.0,119.41
ORD1193,2024-05-21 04:08:10.581162,South,Electronics,In-Store,34,214.85,56.0,7304.9
ORD1290,2024-07-31 02:58:55.070140,East,Home & Garden,Online,18,253.07,74.0,4555.26
ORD1188,2024-05-17 12:21:38.597194,North,Electronics,In-Store,49,426.33,53.0,20890.17
ORD1495,2024-12-28 01:46:46.412825,North,Clothing,Online,5,246.76,69.0,1233.8
ORD1005,2024-01-04 15:46:31.983967,South,Electronics,Online,13,159.51,40.0,2073.63
ORD1075,2024-02-24 20:37:59.759519,South,Sports,Online,47,416.28,54.0,19565.16
ORD1142,2024-04-13 20:49:32.344689,West,Sports,Online,13,329.07,23.0,4277.91
ORD1047,2024-02-04 09:05:24.649298,Central,Clothing,In-Store,37,201.7,71.0,7462.9
ORD1046,2024-02-03 15:32:06.252505,South,Sports,Online,12,345.66,43.0,4147.92
ORD1070,2024-02-21 04:51:27.775551,North,Clothing,In-Store,49,332.51,27.0,16292.99
ORD1310,2024-08-14 18:05:03.006012,North,Groceries,Online,20,305.15,18.0,6103.0
ORD1079,2024-02-27 18:51:13.346693,West,Groceries,Online,35,398.78,,13957.3
ORD1030,2024-01-22 22:39:11.903807,East,Clothing,In-Store,45,354.17,42.0,15937.65
ORD1011,2024-01-09 01:06:22.364729,East,Groceries,Online,39,201.35,42.0,7852.65
ORD1358,2024-09-18 20:43:46.052104,North,Electronics,In-Store,22,397.09,66.0,8735.98
ORD1484,2024-12-20 00:40:24.048096,North,Home & Garden,In-Store,8,94.39,45.0,755.12
ORD1479,2024-12-16 08:53:52.064128,Central,Home & Garden,Online,21,319.86,41.0,6717.06
ORD1269,2024-07-15 18:19:28.737474,West,ELECTRONICS,In-Store,44,433.02,38.0,19052.88
ORD1115,2024-03-25 02:50:15.631262,Central,Home & Garden,In-Store,11,224.99,62.0,2474.89
ORD1025,2024-01-19 06:52:39.919839,East,Groceries,Online,5,192.78,52.0,963.9
ORD1373,2024-09-29 20:03:22.004008,East,Groceries,Online,13,98.9,42.0,1285.7
ORD1195,2024-05-22 15:14:47.374749,East,Clothing,In-Store,45,121.44,52.0,5464.8
ORD1361,2024-09-21 01:23:41.242484,West,Clothing,In-Store,33,180.35,73.0,5951.55
ORD1065,2024-02-17 13:04:55.791583,West,Groceries,Online,10,366.76,54.0,3667.6
ORD1270,2024-07-16 11:52:47.134268,East,Sports,Online,28,306.2,35.0,8573.6
ORD1045,2024-02-02 21:58:47.855711,North,Sports,Online,4,294.41,59.0,1177.64
ORD1432,2024-11-11 23:48:27.414829,West,Clothing,Online,18,209.0,29.0,3762.0
ORD1499,2024-12-31 00:00:00.000000,North,Home & Garden,In-Store,47,380.3,64.0,17874.1
ORD1498,2024-12-30 06:26:41.603206,North,Groceries,In-Store,41,209.64,,8595.24
ORD1404,2024-10-22 12:15:52.304609,West,Groceries,In-Store,7,130.26,24.0,911.82
ORD1243,2024-06-26 17:53:30.420841,East,Sports,In-Store,23,225.94,74.0,5196.62
ORD1476,2024-12-14 04:13:56.873747,West,Sports,In-Store,45,440.24,61.0,19810.8
ORD1490,2024-12-24 10:00:14.428857,North,Clothing,Online,44,365.33,73.0,16074.52
ORD1387,2024-10-10 01:49:39.559118,South,Sports,In-Store,40,67.96,53.0,2718.4
ORD1068,2024-02-19 17:44:50.981963,West,Groceries,Online,26,481.86,21.0,12528.36
ORD1021,2024-01-16 08:39:26.332665,Central,Electronics,Online,30,296.0,20.0,8880.0
ORD1077,2024-02-26 07:44:36.553106,West,Groceries,In-Store,49,385.42,38.0,18885.58
ORD1306,2024-08-11 19:51:49.418837,North,Home & Garden,In-Store,29,466.7,23.0,13534.3
ORD1452,2024-11-26 14:54:35.350701,Central,Groceries,In-Store,31,66.99,42.0,2076.69
ORD1236,2024-06-21 15:00:21.643286,North,Electronics,In-Store,11,119.26,62.0,1311.86
ORD1291,2024-07-31 20:32:13.466933,North,Sports,Online,15,201.6,24.0,3024.0
ORD1491,2024-12-25 03:33:32.825651,Central,Home & Garden,In-Store,14,58.43,43.0,818.02
ORD1058,2024-02-12 10:11:47.014028,West,Electronics,Online,7,67.24,33.0,470.68
ORD1125,2024-04-01 10:23:19.599198,West,Clothing,Online,6,457.55,53.0,2745.3
ORD1228,2024-06-15 18:33:54.468937,East,Home & Garden,Online,47,223.99,71.0,10527.53
ORD1282,2024-07-25 06:32:27.895791,North,Electronics,In-Store,38,143.45,29.0,5451.1
ORD1042,2024-01-31 17:18:52.665330,West,Clothing,Online,15,94.11,69.0,1411.65
ORD1004,2024-01-03 22:13:13.587174,Central,Home & Garden,In-Store,30,327.8,36.0,9834.0
ORD1121,2024-03-29 12:10:06.012024,West,Clothing,Online,5,252.72,53.0,1263.6
ORD1168,2024-05-02 21:15:30.661322,North,Clothing,In-Store,42,215.14,62.0,9035.88
ORD1140,2024-04-12 09:42:55.551102,North,Groceries,Online,40,40.28,50.0,1611.2
ORD1314,2024-08-17 16:18:16.593186,South,Clothing,Online,30,162.18,19.0,4865.4
ORD1064,2024-02-16 19:31:37.394789,South,Groceries,In-Store,46,98.23,36.0,4518.58
ORD1332,2024-08-30 20:17:47.735470,North,Clothing,In-Store,-1,303.26,52.0,6368.46
ORD1109,2024-03-20 17:30:25.250501,East,Electronics,In-Store,42,306.87,36.0,12888.54
ORD1255,2024-07-05 12:33:11.182364,East,Home & Garden,In-Store,15,153.92,28.0,2308.8
ORD1281,2024-07-24 12:59:09.498997,Central,Electronics,In-Store,1,413.52,38.0,413.52
ORD1205,2024-05-29 22:47:51.342685,East,Groceries,In-Store,34,317.85,74.0,10806.9
ORD1340,2024-09-05 16:44:14.909819,North,Sports,Online,32,311.65,21.0,9972.8
ORD1006,2024-01-05 09:19:50.380761,East,Groceries,In-Store,13,202.53,46.0,2632.89
ORD1286,2024-07-28 04:45:41.482965,West,Clothing,In-Store,49,394.21,67.0,19316.29
ORD1329,2024-08-28 15:37:52.545090,South,Electronics,Online,13,426.47,57.0,5544.11
ORD1259,2024-07-08 10:46:24.769539,South,Clothing,Online,32,64.32,65.0,2058.24
ORD1122,2024-03-30 05:43:24.408817,Central,Groceries,In-Store,48,273.47,36.0,13126.56
ORD1078,2024-02-27 01:17:54.949899,West,Clothing,In-Store,9,60.99,71.0,548.91
ORD1399,2024-10-18 20:29:20.320641,South,Home & Garden,Online,8,471.7,59.0,3773.6
ORD1151,2024-04-20 10:49:17.915831,North,Clothing,Online,33,465.15,31.0,15349.95
ORD1343,2024-09-07 21:24:10.100200,West,Electronics,In-Store,25,89.48,39.0,2237.0
ORD1163,2024-04-29 05:28:58.677354,North,Home & Garden,In-Store,5,96.37,30.0,481.85
ORD1438,2024-11-16 09:08:17.795591,West,Electronics,Online,32,259.76,62.0,8312.32
ORD1265,2024-07-12 20:06:15.150300,North,Groceries,Online,11,337.42,73.0,3711.62
ORD1377,2024-10-02 18:16:35.591182,South,Clothing,Online,2,316.5,22.0,633.0
ORD1328,2024-08-27 22:04:34.148296,South,Clothing,Online,11,142.49,64.0,1567.39
ORD1143,2024-04-14 14:22:50.741482,West,Home & Garden,In-Store,45,193.14,21.0,8691.3
ORD1301,2024-08-08 04:05:17.434869,Central,Home & Garden,Online,15,16.33,56.0,244.95
ORD1304,2024-08-10 08:45:12.625250,East,Clothing,In-Store,7,478.87,34.0,3352.09
ORD1199,2024-05-25 13:28:00.961923,,Clothing,In-Store,19,93.33,,1773.27
ORD1041,2024-01-30 23:45:34.268537,North,Clothing,Online,9,116.23,26.0,1046.07
ORD1294,2024-08-03 01:12:08.657314,West,Groceries,In-Store,27,338.78,50.0,9147.06
ORD1458,2024-12-01 00:14:25.731462,South,Home & Garden,In-Store,44,310.17,,13647.48
ORD1338,2024-09-04 05:37:38.116232,Central,Home & Garden,In-Store,31,244.88,37.0,7591.28
ORD1231,2024-06-17 23:13:49.659318,North,Sports,In-Store,-1,39.62,42.0,1426.32
ORD1245,2024-06-28 05:00:07.214428,East,Home & Garden,In-Store,34,292.34,21.0,9939.56
ORD1382,2024-10-06 10:03:07.575150,North,Home & Garden,In-Store,15,136.6,,2049.0
ORD1349,2024-09-12 06:44:00.480961,Central,Home & Garden,In-Store,22,310.94,39.0,6840.68
ORD1320,2024-08-22 01:38:06.973947,South,Electronics,In-Store,36,255.52,51.0,9198.72
ORD1263,2024-07-11 08:59:38.356713,North,Sports,In-Store,20,385.46,43.0,7709.2
ORD1029,2024-01-22 05:05:53.507014,West,Sports,In-Store,3,391.99,60.0,1175.97
ORD1238,2024-06-23 02:06:58.436873,Central,Groceries,In-Store,6,99.21,73.0,595.26
ORD1250,2024-07-01 20:46:39.198396,North,Groceries,In-Store,17,89.39,23.0,1519.63
ORD1162,2024-04-28 11:55:40.280561,Central,Electronics,Online,7,400.89,20.0,2806.23
ORD1149,2024-04-18 23:42:41.122244,West,Clothing,In-Store,40,263.93,23.0,10557.2
ORD1457,2024-11-30 06:41:07.334669,East,Sports,Online,28,262.78,37.0,7357.84
ORD1465,2024-12-06 03:07:34.509018,,Clothing,Online,34,277.3,69.0,9428.2
ORD1094,2024-03-09 18:10:49.298597,North,Groceries,In-Store,9,147.9,31.0,1331.1
ORD1067,2024-02-19 00:11:32.585170,South,Sports,In-Store,34,121.11,64.0,4117.74
ORD1221,2024-06-10 15:40:45.691382,North,Home & Garden,Online,17,136.12,72.0,2314.04
ORD1085,2024-03-03 04:11:03.727454,North,Sports,Online,17,290.71,21.0,4942.07
ORD1187,2024-05-16 18:48:20.200400,North,Electronics,In-Store,27,367.32,,9917.64
ORD1089,2024-03-06 02:24:17.314629,East,Electronics,In-Store,35,162.47,34.0,5686.45
ORD1326,2024-08-26 10:57:57.354709,East,Clothing,Online,24,468.54,29.0,11244.96
ORD1034,2024-01-25 20:52:25.490981,East,Home & Garden,Online,18,272.25,56.0,4900.5
ORD1217,2024-06-07 17:27:32.104208,West,Clothing,In-Store,27,303.59,39.0,8196.93
ORD1072,2024-02-22 15:58:04.569138,Central,Home & Garden,Online,6,190.28,71.0,1141.68
ORD1220,2024-06-09 22:07:27.294589,South,Home & Garden,Online,22,387.45,52.0,8523.9
ORD1310,2024-08-14 18:05:03.006012,North,Groceries,Online,20,305.15,18.0,6103.0
ORD1434,2024-11-13 10:55:04.208416,West,Sports,Online,18,416.11,63.0,7489.98
ORD1485,2024-12-20 18:13:42.444889,East,Home & Garden,Online,36,31.66,47.0,1139.76
ORD1012,2024-01-09 18:39:40.761523,Central,Electronics,In-Store,46,122.33,54.0,5627.18
ORD1198,2024-05-24 19:54:42.565130,Central,Clothing,Online,6,270.0,74.0,1620.0
ORD1213,2024-06-04 19:14:18.517034,South,Home & Garden,Online,20,363.64,41.0,7272.8
ORD1446,2024-11-22 05:34:44.969939,East,Clothing,In-Store,33,134.05,45.0,4423.65
ORD1234,2024-06-20 03:53:44.849699,North,Electronics,In-Store,7,298.44,61.0,2089.08
ORD1425,2024-11-06 20:55:18.637274,South,HOME & GARDEN,In-Store,46,196.86,47.0,9055.56
ORD1353,2024-09-15 04:57:14.068136,West,Clothing,In-Store,12,114.3,44.0,1371.6
ORD1395,2024-10-15 22:16:06.733466,Central,Sports,In-Store,31,478.33,65.0,14828.23
ORD1096,2024-03-11 05:17:26.092184,Central,Sports,Online,14,327.0,41.0,4578.0
ORD1483,2024-12-19 07:07:05.651302,Central,Clothing,Online,26,281.12,29.0,7309.12
ORD1297,2024-08-05 05:52:03.847695,East,CLOTHING,Online,25,74.93,51.0,1873.25
ORD1063,2024-02-16 01:58:18.997995,South,Groceries,Online,45,85.38,73.0,3842.1
ORD1222,2024-06-11 09:14:04.088176,East,Clothing,In-Store,10,324.42,45.0,3244.2
ORD1095,2024-03-10 11:44:07.695390,East,Sports,Online,4,59.01,20.0,236.04
ORD1013,2024-01-10 12:12:59.158316,South,Groceries,Online,29,121.16,,3513.64
ORD1017,2024-01-13 10:26:12.745490,Central,Sports,Online,16,227.14,25.0,3634.24
ORD1367,2024-09-25 10:43:31.623246,East,Sports,Online,33,128.05,69.0,4225.65
ORD1246,2024-06-28 22:33:25.611222,West,Home & Garden,In-Store,46,48.94,67.0,2251.24
ORD1393,2024-10-14 11:09:29.939879,North,Groceries,In-Store,9,430.48,64.0,3874.32
ORD1207,2024-05-31 09:54:28.136272,East,Home & Garden,Online,15,75.18,37.0,1127.7
ORD1090,2024-03-06 19:57:35.711422,East,Electronics,Online,38,433.89,72.0,16487.82
ORD1307,2024-08-12 13:25:07.815631,West,Home & Garden,In-Store,44,289.71,63.0,12747.24
ORD1464,2024-12-05 09:34:16.112224,South,Home & Garden,In-Store,36,191.12,26.0,6880.32
ORD1365,2024-09-23 23:36:54.829659,Central,Sports,Online,33,196.6,50.0,6487.8
ORD1039,2024-01-29 12:38:57.474949,South,Groceries,Online,46,30.59,65.0,1407.14
ORD1086,2024-03-03 21:44:22.124248,North,Groceries,In-Store,-1,177.54,74.0,4260.96
ORD1181,2024-05-12 09:28:29.819639,East,Sports,In-Store,12,183.58,46.0,2202.96
ORD1347,2024-09-10 19:37:23.687374,North,Home & Garden,Online,8,92.99,38.0,743.92
ORD1145,2024-04-16 01:29:27.535070,West,Clothing,Online,6,242.2,65.0,1453.2
ORD1158,2024-04-25 13:42:26.693386,North,Electronics,In-Store,42,412.47,74.0,17323.74
ORD1410,2024-10-26 21:35:42.685370,South,Groceries,In-Store,22,117.35,67.0,2581.7
ORD1371,2024-09-28 08:56:45.210420,West,Groceries,In-Store,30,293.16,69.0,8794.8
ORD1449,2024-11-24 10:14:40.160320,South,Electronics,Online,49,241.74,72.0,11845.26
ORD1355,2024-09-16 16:03:50.861723,East,Groceries,In-Store,32,329.58,57.0,10546.56
ORD1200,2024-05-26 07:01:19.358717,South,Home & Garden,Online,30,159.57,23.0,4787.1
ORD1292,2024-08-01 14:05:31.863727,North,Groceries,Online,44,272.17,39.0,11975.48
ORD1071,2024-02-21 22:24:46.172344,Central,Clothing,Online,3,489.42,41.0,1468.26
ORD1386,2024-10-09 08:16:21.162324,South,Clothing,Online,49,78.87,58.0,3864.63
ORD1494,2024-12-27 08:13:28.016032,Central,Sports,In-Store,37,482.74,52.0,17861.38
ORD1391,2024-10-13 00:02:53.146292,Central,Sports,Online,9,406.29,72.0,3656.61
ORD1397,2024-10-17 09:22:43.527054,East,Electronics,Online,41,55.56,57.0,2277.96
ORD1486,2024-12-21 11:47:00.841683,North,SPORTS,Online,48,163.43,43.0,7844.64
ORD1471,2024-12-10 12:27:24.889779,Central,Sports,In-Store,6,250.54,74.0,1503.24
ORD1392,2024-10-13 17:36:11.543086,Central,Clothing,In-Store,6,308.97,26.0,1853.82
ORD1133,2024-04-07 06:49:46.773547,Central,Home & Garden,In-Store,40,276.96,66.0,11078.4
ORD1060,2024-02-13 21:18:23.807615,South,Electronics,In-Store,8,76.05,48.0,608.4
ORD1381,2024-10-05 16:29:49.178356,Central,Sports,In-Store,46,188.85,29.0,8687.1
ORD1487,2024-12-22 05:20:19.238476,East,Groceries,In-Store,30,377.83,65.0,11334.9
ORD1100,2024-03-14 03:30:39.679358,West,Home & Garden,In-Store,41,451.18,69.0,18498.38
ORD1019,2024-01-14 21:32:49.539078,West,Home & Garden,In-Store,47,77.15,61.0,3626.05
ORD1389,2024-10-11 12:56:16.352705,South,Groceries,In-Store,3,125.52,38.0,376.56
ORD1470,2024-12-09 18:54:06.492985,South,GROCERIES,Online,36,339.61,61.0,12225.96
ORD1264,2024-07-12 02:32:56.753507,West,Clothing,Online,22,125.61,61.0,2763.42
ORD1276,2024-07-20 21:12:37.515030,Central,Clothing,Online,20,174.13,41.0,3482.6
ORD1008,2024-01-06 20:26:27.174348,East,Sports,In-Store,32,9.47,,303.04
ORD1309,2024-08-14 00:31:44.609218,Central,Sports,Online,3,160.3,51.0,480.9
ORD1283,2024-07-26 00:05:46.292585,West,Home & Garden,In-Store,15,471.48,74.0,7072.2
ORD1493,2024-12-26 14:40:09.619238,North,Clothing,Online,2,50.48,38.0,100.96
ORD1092,2024-03-08 07:04:12.505010,East,Sports,Online,47,377.45,21.0,17740.15
ORD1252,2024-07-03 07:53:15.991983,West,Electronics,In-Store,13,214.23,35.0,2784.99
ORD1032,2024-01-24 09:45:48.697394,West,Clothing,In-Store,30,432.79,38.0,12983.7
ORD1135,2024-04-08 17:56:23.567134,East,Electronics,Online,32,359.17,64.0,11493.44
ORD1022,2024-01-17 02:12:44.729458,West,Groceries,In-Store,25,474.55,18.0,11863.75
ORD1062,2024-02-15 08:25:00.601202,,Sports,In-Store,29,367.78,23.0,10665.62
ORD1492,2024-12-25 21:06:51.222444,West,Groceries,Online,14,344.22,50.0,4819.08
ORD1215,2024-06-06 06:20:55.310621,East,Groceries,Online,36,173.84,59.0,6258.24
ORD1415,2024-10-30 13:22:14.669338,Central,Sports,Online,14,494.2,45.0,6918.8
ORD1427,2024-11-08 08:01:55.430861,Central,Groceries,In-Store,45,495.84,63.0,22312.8
ORD1257,2024-07-06 23:39:47.975951,Central,Clothing,In-Store,29,240.07,41.0,6962.03
ORD1052,2024-02-08 00:51:56.633266,West,Clothing,Online,46,486.68,74.0,22387.28
ORD1416,2024-10-31 06:55:33.066132,,Home & Garden,Online,11,224.42,18.0,2468.62
ORD1173,2024-05-06 13:02:02.645290,West,Groceries,In-Store,39,60.59,70.0,2363.01
ORD1035,2024-01-26 14:25:43.887775,Central,Sports,Online,37,21.92,44.0,811.04
ORD1178,2024-05-10 04:48:34.629258,Central,Sports,Online,14,397.9,43.0,5570.6
ORD1167,2024-05-02 03:42:12.264529,East,Electronics,Online,23,459.29,71.0,10563.67
ORD1226,2024-06-14 07:27:17.675350,South,Groceries,In-Store,18,175.06,33.0,3151.08
ORD1120,2024-03-28 18:36:47.615230,South,Sports,Online,8,380.88,48.0,3047.04
ORD1275,2024-07-20 03:39:19.118236,East,Electronics,Online,37,117.54,54.0,4348.98
ORD1044,2024-02-02 04:25:29.458917,South,Electronics,Online,24,56.14,39.0,1347.36
ORD1300,2024-08-07 10:31:59.038076,Central,HOME & GARDEN,Online,8,164.65,58.0,1317.2
ORD1324,2024-08-24 23:51:20.561122,North,Electronics,In-Store,22,65.41,56.0,1439.02
ORD1076,2024-02-25 14:11:18.156312,North,Clothing,Online,23,432.98,55.0,9958.54
ORD1208,2024-06-01 03:27:46.533066,West,Electronics,Online,30,140.9,41.0,4227.0
ORD1368,2024-09-26 04:16:50.020040,West,Clothing,In-Store,33,71.23,52.0,2350.59
ORD1212,2024-06-04 01:41:00.120240,East,Clothing,Online,4,225.67,47.0,902.68
ORD1267,2024-07-14 07:12:51.943887,North,Sports,Online,3,132.24,74.0,396.72
ORD1311,2024-08-15 11:38:21.402805,,Clothing,Online,46,73.9,27.0,3399.4
ORD1216,2024-06-06 23:54:13.707414,West,Clothing,In-Store,4,410.26,47.0,1641.04
ORD1441,2024-11-18 13:48:12.985971,Central,Sports,In-Store,28,117.78,38.0,3297.84
ORD1009,2024-01-07 13:59:45.571142,Central,Electronics,Online,32,296.26,61.0,9480.32
ORD1409,2024-10-26 04:02:24.288577,West,Clothing,In-Store,6,227.81,44.0,1366.86
ORD1429,2024-11-09 19:08:32.224448,West,Sports,Online,29,471.45,36.0,13672.05
ORD1285,2024-07-27 11:12:23.086172,Central,Electronics,In-Store,35,85.07,50.0,2977.45
ORD1295,2024-08-03 18:45:27.054108,Central,Clothing,In-Store,8,268.58,34.0,2148.64
ORD1104,2024-03-17 01:43:53.266533,North,Home & Garden,Online,9,190.96,51.0,1718.64
ORD1312,2024-08-16 05:11:39.799599,South,Electronics,Online,15,449.64,38.0,6744.6
ORD1445,2024-11-21 12:01:26.573146,,Home & Garden,Online,15,131.43,21.0,1971.45
ORD1047,2024-02-04 09:05:24.649298,Central,Clothing,In-Store,37,201.7,71.0,7462.9
ORD1091,2024-03-07 13:30:54.108216,North,Electronics,Online,13,496.7,24.0,6457.1
ORD1182,2024-05-13 03:01:48.216432,North,Clothing,Online,39,453.42,54.0,17683.38
ORD1315,2024-08-18 09:51:34.989979,South,Groceries,Online,14,476.63,39.0,6672.82
ORD1463,2024-12-04 16:00:57.715430,South,Sports,Online,41,52.03,46.0,2133.23
ORD1172,2024-05-05 19:28:44.248496,South,Sports,Online,30,265.62,68.0,7968.6
ORD1232,2024-06-18 16:47:08.056112,West,Groceries,Online,35,321.88,30.0,11265.8
ORD1477,2024-12-14 21:47:15.270541,North,Clothing,Online,18,132.92,26.0,2392.56
ORD1036,2024-01-27 07:59:02.284569,East,Home & Garden,Online,25,493.41,44.0,12335.25
ORD1156,2024-04-24 02:35:49.899799,West,Electronics,Online,45,202.95,33.0,9132.75
ORD1002,2024-01-02 11:06:36.793587,East,Sports,In-Store,42,333.0,20.0,13986.0
ORD1242,2024-06-26 00:20:12.024048,North,Clothing,In-Store,11,497.76,60.0,5475.36
ORD1308,2024-08-13 06:58:26.212424,Central,Electronics,In-Store,24,242.28,23.0,5814.72
ORD1289,2024-07-30 09:25:36.673346,West,Electronics,In-Store,12,198.57,59.0,2382.84
ORD1048,2024-02-05 02:38:43.046092,South,Electronics,In-Store,37,242.55,29.0,8974.35
ORD1414,2024-10-29 19:48:56.272545,North,GROCERIES,In-Store,42,57.32,50.0,2407.44
ORD1421,2024-11-03 22:42:05.050100,West,Sports,In-Store,13,402.05,65.0,5226.65
ORD1141,2024-04-13 03:16:13.947895,Central,Sports,In-Store,27,477.56,34.0,12894.12
ORD1223,2024-06-12 02:47:22.484969,West,Groceries,Online,1,299.9,31.0,299.9
ORD1352,2024-09-14 11:23:55.671342,North,Groceries,Online,17,120.16,31.0,2042.72
ORD1183,2024-05-13 20:35:06.613226,South,Clothing,In-Store,2,386.12,37.0,772.24
ORD1331,2024-08-30 02:44:29.338677,South,Home & Garden,Online,8,13.76,27.0,110.08
ORD1450,2024-11-25 03:47:58.557114,East,Groceries,Online,30,448.43,44.0,13452.9
ORD1431,2024-11-11 06:15:09.018036,North,Electronics,Online,44,180.65,26.0,7948.6
ORD1160,2024-04-27 00:49:03.486973,East,Sports,In-Store,27,66.0,27.0,1782.0
ORD1336,2024-09-02 18:31:01.322645,North,Clothing,In-Store,46,99.93,24.0,4596.78
ORD1400,2024-10-19 14:02:38.717434,East,Home & Garden,Online,8,405.4,37.0,3243.2
ORD1219,2024-06-09 04:34:08.897795,North,Clothing,Online,12,453.23,24.0,5438.76
ORD1099,2024-03-13 09:57:21.282565,North,Sports,In-Store,11,221.9,72.0,2440.9
ORD1380,2024-10-04 22:56:30.781563,South,Groceries,Online,26,26.1,73.0,678.6
ORD1235,2024-06-20 21:27:03.246492,South,Clothing,In-Store,29,341.67,26.0,9908.43
ORD1454,2024-11-28 02:01:12.144288,West,Electronics,In-Store,20,61.41,50.0,1228.2
ORD1117,2024-03-26 13:56:52.424849,East,Clothing,In-Store,24,295.6,47.0,7094.4
ORD1341,2024-09-06 10:17:33.306613,West,Sports,Online,11,152.19,63.0,1674.09
ORD1001,2024-01-01 17:33:18.396793,Central,ELECTRONICS,In-Store,35,291.81,73.0,10213.35
ORD1113,2024-03-23 15:43:38.837675,East,Home & Garden,In-Store,25,300.26,,7506.5
ORD1466,2024-12-06 20:40:52.905811,South,Electronics,In-Store,36,197.38,55.0,7105.68
ORD1174,2024-05-07 06:35:21.042084,West,Electronics,In-Store,31,6.28,36.0,194.68
ORD1253,2024-07-04 01:26:34.388777,East,Home & Garden,Online,41,411.79,49.0,16883.39
ORD1448,2024-11-23 16:41:21.763527,North,Sports,Online,12,480.11,48.0,5761.32
ORD1485,2024-12-20 18:13:42.444889,East,Home & Garden,Online,36,31.66,47.0,1139.76
ORD1184,2024-05-14 14:08:25.010020,South,Home & Garden,In-Store,32,280.54,66.0,8977.28
ORD1165,2024-04-30 16:35:35.470941,South,ELECTRONICS,Online,45,397.74,66.0,17898.3
ORD1481,2024-12-17 20:00:28.857715,West,Groceries,In-Store,33,489.31,39.0,16147.23
ORD1372,2024-09-29 02:30:03.607214,South,Electronics,Online,33,342.08,40.0,11288.64
ORD1274,2024-07-19 10:06:00.721442,East,Clothing,In-Store,16,63.24,43.0,1011.84
ORD1192,2024-05-20 10:34:52.184368,,Groceries,Online,31,79.1,56.0,2452.1
ORD1000,2024-01-01 00:00:00.000000,West,Groceries,In-Store,2,298.49,50.0,596.98
ORD1054,2024-02-09 11:58:33.426853,East,Sports,Online,11,130.84,70.0,1439.24
ORD1375,2024-10-01 07:09:58.797595,East,Groceries,In-Store,22,165.13,60.0,3632.86
ORD1028,2024-01-21 11:32:35.110220,West,Sports,Online,49,269.09,51.0,13185.41
ORD1206,2024-05-30 16:21:09.739478,Central,Sports,Online,28,33.94,48.0,950.32
ORD1383,2024-10-07 03:36:25.971943,West,HOME & GARDEN,Online,34,324.81,25.0,11043.54
ORD1496,2024-12-28 19:20:04.809619,East,Electronics,In-Store,38,79.58,51.0,3024.04
ORD1049,2024-02-05 20:12:01.442885,West,Clothing,Online,43,344.55,34.0,14815.65
ORD1350,2024-09-13 00:17:18.877755,South,Home & Garden,In-Store,24,318.43,69.0,7642.32
ORD1020,2024-01-15 15:06:07.935871,South,Groceries,In-Store,10,227.47,22.0,2274.7
ORD1293,2024-08-02 07:38:50.260521,West,Clothing,In-Store,16,315.84,72.0,5053.44
ORD1176,2024-05-08 17:41:57.835671,East,SPORTS,Online,36,260.01,52.0,9360.36
ORD1335,2024-09-02 00:57:42.925851,South,Groceries,Online,18,284.4,49.0,5119.2
ORD1379,2024-10-04 05:23:12.384769,Central,HOME & GARDEN,Online,39,36.99,28.0,1442.61
ORD1033,2024-01-25 03:19:07.094188,North,Sports,Online,4,281.28,63.0,1125.12
ORD1171,2024-05-05 01:55:25.851703,North,Electronics,Online,43,189.89,62.0,8165.27
ORD1007,2024-01-06 02:53:08.777555,East,Groceries,Online,18,429.7,47.0,7734.6
ORD1318,2024-08-20 14:31:30.180360,South,Sports,In-Store,44,65.27,19.0,2871.88
ORD1249,2024-07-01 03:13:20.801603,,Home & Garden,In-Store,4,378.64,24.0,1514.56
ORD1106,2024-03-18 12:50:30.060120,East,Groceries,Online,25,326.29,35.0,8157.25
ORD1413,2024-10-29 02:15:37.875751,West,Electronics,Online,41,441.82,55.0,18114.62
ORD1097,2024-03-11 22:50:44.488977,South,Sports,In-Store,37,383.77,54.0,14199.49
ORD1110,2024-03-21 11:03:43.647294,North,Electronics,Online,9,283.9,66.0,2555.1
ORD1360,2024-09-20 07:50:22.845691,West,Electronics,Online,20,328.77,42.0,6575.4
ORD1069,2024-02-20 11:18:09.378757,West,Home & Garden,Online,41,131.38,,5386.58
ORD1346,2024-09-10 02:04:05.290581,East,Groceries,In-Store,41,136.37,57.0,5591.17
ORD1435,2024-11-14 04:28:22.605210,West,Electronics,In-Store,19,39.01,72.0,741.19
ORD1129,2024-04-04 08:36:33.186372,Central,Groceries,Online,28,265.68,,7439.04
ORD1316,2024-08-19 03:24:53.386773,East,Electronics,In-Store,7,413.47,65.0,2894.29
ORD1447,2024-11-22 23:08:03.366733,North,Groceries,Online,7,39.28,55.0,274.96
ORD1258,2024-07-07 17:13:06.372745,South,SPORTS,Online,11,194.35,32.0,2137.85
ORD1322,2024-08-23 12:44:43.767535,South,Clothing,In-Store,38,44.58,65.0,1694.04
ORD1150,2024-04-19 17:15:59.519038,North,Clothing,In-Store,28,336.7,,9427.6
ORD1474,2024-12-12 17:07:20.080160,East,Groceries,In-Store,12,337.37,64.0,4048.44
ORD1337,2024-09-03 12:04:19.719438,West,Clothing,Online,47,109.82,38.0,5161.54
ORD1026,2024-01-20 00:25:58.316633,East,Sports,In-Store,1,304.74,49.0,304.74
ORD1398,2024-10-18 02:56:01.923847,West,Electronics,In-Store,12,331.05,35.0,3972.6
ORD1423,2024-11-05 09:48:41.843687,South,Sports,In-Store,45,22.61,54.0,1017.45
ORD1093,2024-03-09 00:37:30.901803,East,Clothing,Online,25,49.79,46.0,1244.75
ORD1428,2024-11-09 01:35:13.827655,Central,Electronics,Online,8,485.52,71.0,3884.16
ORD1148,2024-04-18 06:09:22.725450,South,Electronics,In-Store,16,310.59,32.0,4969.44
ORD1480,2024-12-17 02:27:10.460921,North,Home & Garden,In-Store,15,114.43,51.0,1716.45
ORD1422,2024-11-04 16:15:23.446893,South,Sports,In-Store,25,57.16,60.0,1429.0
ORD1119,2024-03-28 01:03:29.218436,South,Groceries,Online,38,323.08,70.0,12277.04
ORD1405,2024-10-23 05:49:10.701402,Central,Clothing,Online,11,391.68,33.0,4308.48
ORD1138,2024-04-10 22:36:18.757515,South,Groceries,In-Store,40,218.28,71.0,8731.2
ORD1169,2024-05-03 14:48:49.058116,West,Electronics,Online,10,48.08,23.0,480.8
ORD1363,2024-09-22 12:30:18.036072,Central,Clothing,Online,40,243.41,25.0,9736.4
ORD1202,2024-05-27 18:07:56.152304,North,Clothing,In-Store,10,107.06,71.0,1070.6
ORD1147,2024-04-17 12:36:04.328657,East,Sports,Online,19,87.33,44.0,1659.27
ORD1277,2024-07-21 14:45:55.911823,East,Sports,In-Store,6,193.55,66.0,1161.3
ORD1256,2024-07-06 06:06:29.579158,North,SPORTS,Online,29,490.71,37.0,14230.59
ORD1456,2024-11-29 13:07:48.937875,Central,Sports,Online,4,460.55,42.0,1842.2
ORD1440,2024-11-17 20:14:54.589178,North,Clothing,Online,3,392.33,70.0,1176.99
ORD1131,2024-04-05 19:43:09.979959,Central,Electronics,In-Store,13,240.96,35.0,3132.48
ORD1249,2024-07-01 03:13:20.801603,,Home & Garden,In-Store,4,378.64,24.0,1514.56
ORD1152,2024-04-21 04:22:36.312625,North,HOME & GARDEN,In-Store,48,268.47,28.0,12886.56
ORD1362,2024-09-21 18:56:59.639278,West,Home & Garden,Online,10,265.12,20.0,2651.2
